ride_id,city,hour,day_of_week,weather,special_event,distance_km,base_fare,customer_segment,surge_multiplier,final_fare,ride_completed,wait_time_mins,actual,predicted,error,abs_error,surge_bucket
IND_01117,Chennai,15,3,Clear,Regular,14.1,16.64,Regular,1.1,23.11,1,8,1.1,1.022,-0.078,0.078,Low(1.0-1.3)
IND_01369,Mumbai,23,5,Clear,Eid,22.8,26.4,Budget,2.7,70.39,1,14,2.7,2.565,-0.135,0.135,VeryHigh(2.5+)
IND_00423,Chennai,6,2,Light_Rain,Holi,18.5,10.01,Budget,2.16,21.12,1,12,2.16,2.241,0.081,0.081,High(1.8-2.5)
IND_00414,Kolkata,15,4,Hot,Eid,13.2,8.63,Regular,2.34,22.75,1,17,2.34,2.2,-0.14,0.14,High(1.8-2.5)
IND_00452,Kolkata,19,7,Heavy_Rain,Holi,7.5,14.07,Regular,3.5,51.16,1,23,3.5,3.32,-0.18,0.18,VeryHigh(2.5+)
IND_00862,Ahmedabad,5,5,Clear,Regular,6.9,9.61,Regular,1.0,6.58,1,7,1.0,1.025,0.025,0.025,Low(1.0-1.3)
IND_01064,Mumbai,11,2,Hot,Regular,2.2,19.75,Budget,1.0,16.27,1,11,1.0,1.218,0.218,0.218,Low(1.0-1.3)
IND_00742,Delhi,6,3,Light_Rain,Regular,12.2,23.64,Budget,1.2,25.81,1,9,1.2,1.244,0.044,0.044,Low(1.0-1.3)
IND_01273,Pune,17,4,Light_Rain,Regular,16.6,14.92,Regular,1.32,17.51,1,8,1.32,1.239,-0.081,0.081,Moderate(1.3-1.8)
IND_00260,Ahmedabad,20,5,Dusty,Regular,6.0,9.17,Premium,1.5,15.3,1,12,1.5,1.548,0.048,0.048,Moderate(1.3-1.8)
IND_00889,Pune,22,7,Dusty,Regular,12.7,24.55,Budget,2.0,50.28,0,14,2.0,2.085,0.085,0.085,High(1.8-2.5)
IND_01433,Chennai,13,5,Humid,Regular,15.6,19.54,Regular,1.0,21.26,1,8,1.0,1.07,0.07,0.07,Low(1.0-1.3)
IND_00713,Chennai,5,7,Light_Rain,Regular,8.3,23.15,Regular,1.2,26.69,1,14,1.2,1.281,0.081,0.081,Low(1.0-1.3)
IND_01383,Mumbai,22,3,Hot,Regular,9.5,38.89,Premium,2.0,82.09,1,16,2.0,2.311,0.311,0.311,High(1.8-2.5)
IND_00071,Chennai,2,2,Clear,Regular,15.9,21.44,Regular,1.0,22.16,1,8,1.0,1.015,0.015,0.015,Low(1.0-1.3)
IND_01269,Bangalore,13,2,Light_Rain,Regular,19.1,26.21,Premium,1.2,29.98,1,13,1.2,1.248,0.048,0.048,Low(1.0-1.3)
IND_01492,Hyderabad,2,5,Hot,Eid,3.0,13.15,Budget,1.8,28.79,1,13,1.8,1.819,0.019,0.019,Moderate(1.3-1.8)
IND_00608,Ahmedabad,15,2,Light_Rain,Regular,3.2,11.73,Premium,1.2,11.59,1,8,1.2,1.252,0.052,0.052,Low(1.0-1.3)
IND_00434,Pune,18,3,Humid,Eid,11.1,12.87,Premium,3.5,46.48,1,21,3.5,3.103,-0.397,0.397,VeryHigh(2.5+)
IND_00052,Hyderabad,15,2,Heavy_Rain,Regular,10.9,19.37,Budget,1.65,31.19,1,19,1.65,1.567,-0.083,0.083,Moderate(1.3-1.8)
IND_01200,Ahmedabad,1,1,Heavy_Rain,Eid,16.0,16.41,Budget,3.5,60.16,1,28,3.5,3.431,-0.069,0.069,VeryHigh(2.5+)
IND_01129,Chennai,21,4,Hot,Regular,15.8,17.24,Regular,1.5,25.73,0,8,1.5,1.448,-0.052,0.052,Moderate(1.3-1.8)
IND_01191,Ahmedabad,1,3,Hot,Holi,17.7,17.85,Budget,3.5,62.69,1,18,3.5,3.365,-0.135,0.135,VeryHigh(2.5+)
IND_01250,Chennai,3,4,Light_Rain,Regular,24.5,20.45,Budget,1.2,21.43,1,11,1.2,1.246,0.046,0.046,Low(1.0-1.3)
IND_01420,Mumbai,21,1,Heavy_Rain,Regular,13.0,39.06,Budget,1.8,71.32,1,21,1.8,2.564,0.764,0.764,Moderate(1.3-1.8)
IND_00433,Mumbai,12,6,Light_Rain,Regular,11.4,18.2,Regular,1.32,23.49,1,8,1.32,1.232,-0.088,0.088,Moderate(1.3-1.8)
IND_01453,Kolkata,9,7,Hot,Regular,19.4,19.59,Budget,1.5,29.87,1,16,1.5,1.572,0.072,0.072,Moderate(1.3-1.8)
IND_01471,Hyderabad,10,3,Hot,Eid,8.7,11.93,Budget,2.7,34.6,1,19,2.7,2.602,-0.098,0.098,VeryHigh(2.5+)
IND_01235,Delhi,4,5,Heavy_Rain,Diwali,7.6,29.52,Budget,2.97,86.07,1,22,2.97,2.789,-0.181,0.181,VeryHigh(2.5+)
IND_01282,Delhi,17,6,Heavy_Rain,Holi,9.1,22.03,Premium,2.7,59.18,1,25,2.7,2.887,0.187,0.187,VeryHigh(2.5+)
IND_01086,Chennai,4,5,Hot,Regular,17.1,9.3,Regular,1.0,10.16,1,11,1.0,1.024,0.024,0.024,Low(1.0-1.3)
IND_00611,Hyderabad,3,2,Dusty,Regular,10.6,11.75,Premium,1.1,14.23,1,6,1.1,1.023,-0.077,0.077,Low(1.0-1.3)
IND_01285,Kolkata,5,1,Dusty,Holi,21.8,10.39,Regular,1.8,17.13,1,16,1.8,2.204,0.404,0.404,Moderate(1.3-1.8)
IND_01042,Mumbai,4,4,Light_Rain,Regular,10.2,15.93,Premium,1.32,20.11,1,12,1.32,1.238,-0.082,0.082,Moderate(1.3-1.8)
IND_00221,Delhi,6,7,Humid,Regular,7.0,16.8,Regular,1.0,21.43,1,12,1.0,1.032,0.032,0.032,Low(1.0-1.3)
IND_00340,Chennai,22,5,Hot,Holi,14.1,17.67,Regular,2.7,46.58,0,18,2.7,3.316,0.616,0.616,VeryHigh(2.5+)
IND_00424,Delhi,15,6,Hot,Regular,5.7,31.17,Budget,1.3,42.46,1,7,1.3,1.254,-0.046,0.046,Low(1.0-1.3)
IND_00429,Pune,4,5,Clear,Holi,16.1,9.74,Budget,1.8,19.65,0,13,1.8,1.914,0.114,0.114,Moderate(1.3-1.8)
IND_01106,Hyderabad,18,5,Humid,Regular,11.6,20.46,Regular,2.0,38.84,1,16,2.0,1.992,-0.008,0.008,High(1.8-2.5)
IND_00077,Pune,23,3,Humid,Eid,7.3,21.81,Budget,3.5,76.51,1,15,3.5,2.871,-0.629,0.629,VeryHigh(2.5+)
IND_01392,Hyderabad,22,5,Humid,Holi,7.7,17.58,Regular,2.7,46.11,1,19,2.7,3.348,0.648,0.648,VeryHigh(2.5+)
IND_00440,Hyderabad,19,2,Dusty,Diwali,17.1,24.59,Budget,2.16,53.0,1,18,2.16,2.849,0.689,0.689,High(1.8-2.5)
IND_01337,Pune,1,2,Light_Rain,Regular,17.4,25.76,Budget,2.4,60.6,1,16,2.4,2.256,-0.144,0.144,High(1.8-2.5)
IND_00865,Mumbai,3,2,Humid,Regular,15.9,44.61,Budget,1.0,43.38,1,9,1.0,1.013,0.013,0.013,Low(1.0-1.3)
IND_01081,Mumbai,15,5,Light_Rain,Regular,13.0,38.45,Budget,1.2,45.44,0,6,1.2,1.242,0.042,0.042,Low(1.0-1.3)
IND_00355,Pune,18,4,Light_Rain,Eid,6.1,10.54,Premium,3.24,34.11,1,17,3.24,2.532,-0.708,0.708,VeryHigh(2.5+)
IND_00366,Mumbai,17,4,Light_Rain,Regular,9.6,15.08,Premium,1.2,17.29,1,12,1.2,1.23,0.03,0.03,Low(1.0-1.3)
IND_00310,Kolkata,19,2,Clear,Regular,3.3,21.87,Regular,2.0,43.34,1,16,2.0,1.951,-0.049,0.049,High(1.8-2.5)
IND_00737,Delhi,21,4,Light_Rain,Holi,15.9,14.32,Budget,3.24,46.91,1,18,3.24,3.144,-0.096,0.096,VeryHigh(2.5+)
IND_00999,Pune,4,6,Hot,Regular,22.8,18.83,Budget,1.1,19.57,1,11,1.1,1.018,-0.082,0.082,Low(1.0-1.3)
IND_00622,Kolkata,23,1,Humid,Regular,3.2,12.74,Budget,2.0,26.42,1,12,2.0,1.923,-0.077,0.077,High(1.8-2.5)
IND_00544,Mumbai,6,5,Dusty,Eid,22.4,25.61,Regular,1.8,48.98,1,8,1.8,1.841,0.041,0.041,Moderate(1.3-1.8)
IND_01141,Delhi,8,6,Humid,Regular,11.9,17.11,Budget,1.2,19.94,1,12,1.2,1.267,0.067,0.067,Low(1.0-1.3)
IND_01297,Pune,1,5,Clear,Regular,16.8,10.87,Regular,1.5,18.14,0,13,1.5,1.812,0.312,0.312,Moderate(1.3-1.8)
IND_00555,Hyderabad,22,7,Dusty,Regular,24.4,20.85,Regular,2.0,42.38,1,10,2.0,1.805,-0.195,0.195,High(1.8-2.5)
IND_00680,Hyderabad,13,4,Heavy_Rain,Regular,17.4,17.31,Regular,1.5,28.51,1,16,1.5,1.544,0.044,0.044,Moderate(1.3-1.8)
IND_00050,Bangalore,22,2,Clear,Regular,14.5,18.32,Budget,1.5,23.95,1,10,1.5,1.729,0.229,0.229,Moderate(1.3-1.8)
IND_00491,Kolkata,21,4,Dusty,Regular,4.4,18.89,Budget,2.0,37.76,1,12,2.0,1.443,-0.557,0.557,High(1.8-2.5)
IND_00317,Ahmedabad,20,3,Light_Rain,Regular,18.0,19.07,Premium,1.8,35.69,1,15,1.8,1.768,-0.032,0.032,Moderate(1.3-1.8)
IND_00905,Pune,15,5,Light_Rain,Eid,13.8,11.95,Budget,2.16,26.19,0,14,2.16,2.242,0.082,0.082,High(1.8-2.5)
IND_00637,Mumbai,12,5,Light_Rain,Regular,9.5,33.24,Budget,1.2,41.53,1,8,1.2,1.233,0.033,0.033,Low(1.0-1.3)
IND_00561,Hyderabad,5,6,Dusty,Diwali,18.4,22.22,Regular,1.8,40.58,1,12,1.8,1.835,0.035,0.035,Moderate(1.3-1.8)
IND_00487,Chennai,1,3,Light_Rain,Regular,2.3,23.66,Regular,3.0,69.69,0,20,3.0,2.558,-0.442,0.442,VeryHigh(2.5+)
IND_00068,Chennai,7,3,Light_Rain,Eid,14.3,12.66,Budget,2.16,29.35,1,15,2.16,2.248,0.088,0.088,High(1.8-2.5)
IND_00812,Ahmedabad,14,4,Hot,Eid,9.3,11.97,Regular,2.34,27.13,1,12,2.34,2.044,-0.296,0.296,High(1.8-2.5)
IND_00494,Pune,0,6,Clear,Eid,13.9,27.87,Regular,3.5,95.82,0,23,3.5,3.366,-0.134,0.134,VeryHigh(2.5+)
IND_00311,Hyderabad,5,1,Light_Rain,Regular,14.3,21.45,Budget,1.2,25.3,1,13,1.2,1.273,0.073,0.073,Low(1.0-1.3)
IND_01097,Chennai,5,4,Hot,Diwali,12.7,24.42,Budget,1.98,48.51,1,13,1.98,1.86,-0.12,0.12,High(1.8-2.5)
IND_01248,Kolkata,23,4,Dusty,Regular,24.3,7.69,Budget,2.5,17.69,0,19,2.5,2.372,-0.128,0.128,High(1.8-2.5)
IND_00185,Chennai,18,3,Humid,Regular,13.3,17.57,Regular,1.5,25.91,1,12,1.5,1.529,0.029,0.029,Moderate(1.3-1.8)
IND_00307,Bangalore,8,3,Hot,Holi,16.2,14.92,Budget,2.16,34.78,1,19,2.16,2.589,0.429,0.429,High(1.8-2.5)
IND_00853,Hyderabad,4,2,Clear,Diwali,18.8,14.36,Premium,1.98,27.16,1,16,1.98,2.077,0.097,0.097,High(1.8-2.5)
IND_00793,Pune,19,5,Clear,Eid,17.5,9.49,Regular,3.5,33.76,0,19,3.5,2.982,-0.518,0.518,VeryHigh(2.5+)
IND_00290,Kolkata,1,4,Humid,Holi,7.9,8.54,Budget,3.5,28.64,1,16,3.5,3.387,-0.113,0.113,VeryHigh(2.5+)
IND_00707,Pune,21,3,Light_Rain,Regular,6.1,12.23,Budget,1.8,19.45,1,15,1.8,1.769,-0.031,0.031,Moderate(1.3-1.8)
IND_01330,Pune,17,6,Light_Rain,Eid,12.3,12.76,Budget,2.38,31.57,1,14,2.38,2.244,-0.136,0.136,High(1.8-2.5)
IND_00655,Mumbai,2,3,Dusty,Diwali,20.0,42.6,Regular,1.8,81.83,1,10,1.8,1.866,0.066,0.066,Moderate(1.3-1.8)
IND_00523,Mumbai,19,6,Hot,Regular,16.1,37.27,Budget,2.0,73.21,1,16,2.0,1.966,-0.034,0.034,High(1.8-2.5)
IND_00462,Chennai,23,6,Dusty,Diwali,11.1,9.62,Budget,3.5,33.74,1,15,3.5,2.849,-0.651,0.651,VeryHigh(2.5+)
IND_00931,Delhi,2,5,Humid,Eid,12.9,29.5,Budget,1.8,51.99,0,10,1.8,1.879,0.079,0.079,Moderate(1.3-1.8)
IND_01035,Pune,12,4,Clear,Holi,22.2,14.1,Regular,1.8,24.41,1,10,1.8,1.917,0.117,0.117,Moderate(1.3-1.8)
IND_00030,Chennai,3,1,Dusty,Regular,8.5,11.58,Budget,1.0,11.0,1,10,1.0,1.023,0.023,0.023,Low(1.0-1.3)
IND_00241,Delhi,19,5,Heavy_Rain,Regular,8.7,20.92,Budget,1.8,36.07,1,20,1.8,2.169,0.369,0.369,Moderate(1.3-1.8)
IND_00799,Kolkata,19,3,Hot,Eid,12.4,18.84,Budget,2.16,40.75,1,19,2.16,2.865,0.705,0.705,High(1.8-2.5)
IND_00818,Mumbai,11,2,Humid,Regular,23.7,15.29,Budget,1.0,17.07,1,8,1.0,1.044,0.044,0.044,Low(1.0-1.3)
IND_00066,Kolkata,11,6,Hot,Eid,7.3,17.82,Budget,1.8,34.79,0,12,1.8,1.892,0.092,0.092,Moderate(1.3-1.8)
IND_00602,Kolkata,2,1,Heavy_Rain,Holi,5.9,12.55,Regular,2.7,32.04,1,24,2.7,2.828,0.128,0.128,VeryHigh(2.5+)
IND_00925,Mumbai,12,4,Humid,Eid,24.5,21.65,Regular,1.98,45.26,1,13,1.98,1.925,-0.055,0.055,High(1.8-2.5)
IND_00755,Mumbai,13,2,Hot,Holi,10.5,30.79,Budget,2.57,77.23,1,16,2.57,2.084,-0.486,0.486,VeryHigh(2.5+)
IND_00927,Mumbai,1,6,Dusty,Eid,12.9,42.25,Budget,2.7,112.96,1,14,2.7,2.123,-0.577,0.577,VeryHigh(2.5+)
IND_01102,Ahmedabad,3,5,Clear,Holi,15.1,17.78,Budget,1.98,29.41,0,12,1.98,1.869,-0.111,0.111,High(1.8-2.5)
IND_00248,Delhi,13,6,Hot,Holi,7.6,27.15,Regular,2.57,68.47,1,12,2.57,2.013,-0.557,0.557,VeryHigh(2.5+)
IND_00278,Chennai,4,4,Light_Rain,Regular,5.3,17.02,Premium,1.2,19.22,1,7,1.2,1.243,0.043,0.043,Low(1.0-1.3)
IND_01403,Delhi,15,4,Humid,Diwali,16.8,21.11,Regular,1.8,40.37,1,9,1.8,1.863,0.063,0.063,Moderate(1.3-1.8)
IND_01067,Chennai,4,6,Heavy_Rain,Regular,10.0,18.5,Premium,1.65,27.94,1,13,1.65,1.512,-0.138,0.138,Moderate(1.3-1.8)
IND_00480,Delhi,4,4,Light_Rain,Eid,20.1,29.4,Premium,2.38,72.21,1,11,2.38,2.236,-0.144,0.144,High(1.8-2.5)
IND_00427,Pune,19,2,Humid,Regular,16.3,18.71,Regular,1.2,20.52,1,11,1.2,1.566,0.366,0.366,Low(1.0-1.3)
IND_00124,Ahmedabad,10,2,Heavy_Rain,Eid,19.9,14.38,Regular,2.7,36.02,1,18,2.7,2.859,0.159,0.159,VeryHigh(2.5+)
IND_01170,Mumbai,9,3,Humid,Eid,12.7,40.08,Budget,1.8,73.85,1,14,1.8,2.065,0.265,0.265,Moderate(1.3-1.8)
IND_00395,Mumbai,13,3,Humid,Eid,15.4,22.65,Budget,1.8,43.13,1,16,1.8,2.053,0.253,0.253,Moderate(1.3-1.8)
IND_00986,Pune,15,4,Humid,Regular,24.2,17.3,Regular,1.1,16.71,1,10,1.1,1.045,-0.055,0.055,Low(1.0-1.3)
IND_00716,Mumbai,10,1,Dusty,Regular,9.5,36.95,Premium,1.5,57.63,1,13,1.5,1.225,-0.275,0.275,Moderate(1.3-1.8)
IND_01135,Kolkata,11,7,Humid,Diwali,13.9,12.43,Regular,1.8,21.89,1,15,1.8,1.894,0.094,0.094,Moderate(1.3-1.8)
IND_01085,Hyderabad,1,1,Clear,Holi,8.5,13.34,Budget,3.5,47.45,1,17,3.5,3.265,-0.235,0.235,VeryHigh(2.5+)
IND_00498,Delhi,19,6,Heavy_Rain,Diwali,15.3,13.8,Regular,3.24,44.33,1,24,3.24,3.344,0.104,0.104,VeryHigh(2.5+)
IND_00045,Delhi,14,4,Dusty,Regular,18.0,23.37,Budget,1.0,20.41,1,11,1.0,1.027,0.027,0.027,Low(1.0-1.3)
IND_00060,Kolkata,0,7,Hot,Regular,12.0,12.43,Budget,2.0,26.81,1,12,2.0,1.748,-0.252,0.252,High(1.8-2.5)
IND_01162,Hyderabad,12,3,Light_Rain,Regular,6.5,14.14,Premium,1.2,21.55,0,8,1.2,1.21,0.01,0.01,Low(1.0-1.3)
IND_00024,Hyderabad,9,2,Clear,Regular,3.4,13.33,Regular,1.0,10.48,1,11,1.0,1.271,0.271,0.271,Low(1.0-1.3)
IND_00875,Ahmedabad,2,7,Dusty,Eid,23.4,16.96,Premium,1.8,30.46,1,11,1.8,1.812,0.012,0.012,Moderate(1.3-1.8)
IND_00482,Bangalore,17,3,Heavy_Rain,Regular,22.0,21.97,Budget,1.5,31.04,0,13,1.5,1.563,0.063,0.063,Moderate(1.3-1.8)
IND_01325,Bangalore,19,3,Humid,Holi,18.2,27.59,Premium,2.16,59.72,1,18,2.16,2.784,0.624,0.624,High(1.8-2.5)
IND_00746,Delhi,2,3,Heavy_Rain,Regular,5.8,13.41,Premium,1.5,18.66,1,17,1.5,1.689,0.189,0.189,Moderate(1.3-1.8)
IND_00232,Mumbai,2,4,Hot,Regular,3.3,15.28,Regular,1.0,15.71,1,12,1.0,1.029,0.029,0.029,Low(1.0-1.3)
IND_00125,Mumbai,21,1,Heavy_Rain,Regular,13.2,28.26,Regular,2.25,64.76,1,19,2.25,2.199,-0.051,0.051,High(1.8-2.5)
IND_00428,Ahmedabad,19,5,Clear,Holi,5.0,7.22,Budget,3.5,26.64,1,21,3.5,3.287,-0.213,0.213,VeryHigh(2.5+)
IND_00819,Pune,22,5,Heavy_Rain,Eid,15.1,9.61,Regular,3.5,33.8,0,28,3.5,3.44,-0.06,0.06,VeryHigh(2.5+)
IND_00169,Kolkata,14,7,Humid,Holi,4.0,11.64,Regular,1.98,22.56,1,15,1.98,1.99,0.01,0.01,High(1.8-2.5)
IND_00116,Delhi,22,1,Dusty,Regular,14.7,31.91,Premium,2.0,64.42,1,11,2.0,1.775,-0.225,0.225,High(1.8-2.5)
IND_01089,Chennai,23,5,Light_Rain,Diwali,20.8,10.41,Budget,3.24,33.21,1,19,3.24,3.391,0.151,0.151,VeryHigh(2.5+)
IND_00987,Hyderabad,2,6,Dusty,Regular,9.4,24.77,Regular,1.0,27.78,0,12,1.0,1.017,0.017,0.017,Low(1.0-1.3)
IND_01396,Delhi,9,6,Clear,Regular,14.0,23.59,Premium,1.0,23.96,1,10,1.0,1.14,0.14,0.14,Low(1.0-1.3)
IND_01425,Bangalore,10,3,Dusty,Regular,14.4,23.61,Budget,1.0,21.52,1,12,1.0,1.209,0.209,0.209,Low(1.0-1.3)
IND_00416,Pune,18,2,Clear,Regular,22.6,19.25,Budget,2.0,37.0,1,14,2.0,1.676,-0.324,0.324,High(1.8-2.5)
IND_00142,Kolkata,0,3,Heavy_Rain,Holi,9.9,18.49,Premium,3.5,67.33,1,21,3.5,3.443,-0.057,0.057,VeryHigh(2.5+)
IND_01234,Hyderabad,22,6,Hot,Holi,16.0,17.38,Budget,2.7,52.09,1,18,2.7,3.377,0.677,0.677,VeryHigh(2.5+)
IND_01294,Ahmedabad,22,4,Hot,Diwali,21.9,10.64,Regular,3.5,38.92,1,22,3.5,3.419,-0.081,0.081,VeryHigh(2.5+)
IND_00763,Ahmedabad,23,3,Dusty,Diwali,18.3,14.44,Premium,3.5,55.66,0,20,3.5,3.395,-0.105,0.105,VeryHigh(2.5+)
IND_01207,Ahmedabad,6,5,Dusty,Holi,7.9,7.42,Regular,1.8,11.95,1,13,1.8,1.919,0.119,0.119,Moderate(1.3-1.8)
IND_00463,Pune,16,7,Clear,Diwali,5.6,21.44,Budget,1.98,41.05,1,11,1.98,1.85,-0.13,0.13,High(1.8-2.5)
IND_01244,Chennai,7,3,Hot,Regular,10.5,13.21,Regular,1.0,11.18,1,8,1.0,1.025,0.025,0.025,Low(1.0-1.3)
IND_00079,Delhi,15,3,Hot,Eid,4.4,15.7,Budget,2.57,40.53,1,14,2.57,2.005,-0.565,0.565,VeryHigh(2.5+)
IND_01005,Bangalore,2,1,Hot,Regular,21.3,17.82,Budget,1.1,21.0,1,9,1.1,1.012,-0.088,0.088,Low(1.0-1.3)
IND_01491,Delhi,4,7,Hot,Eid,12.1,28.62,Regular,1.8,50.41,1,14,1.8,1.868,0.068,0.068,Moderate(1.3-1.8)
IND_00572,Delhi,18,4,Dusty,Diwali,18.8,34.62,Budget,2.7,96.83,1,14,2.7,2.379,-0.321,0.321,VeryHigh(2.5+)
IND_00016,Bangalore,8,5,Humid,Regular,23.4,25.11,Premium,1.5,36.54,1,11,1.5,1.158,-0.342,0.342,Moderate(1.3-1.8)
IND_00495,Hyderabad,10,1,Dusty,Regular,14.7,17.46,Budget,1.5,29.24,1,7,1.5,1.302,-0.198,0.198,Moderate(1.3-1.8)
IND_00351,Kolkata,16,3,Light_Rain,Regular,14.8,11.41,Regular,1.32,15.68,1,8,1.32,1.244,-0.076,0.076,Moderate(1.3-1.8)
IND_01000,Bangalore,16,1,Dusty,Regular,21.4,22.55,Regular,1.0,23.7,1,6,1.0,1.015,0.015,0.015,Low(1.0-1.3)
IND_00275,Kolkata,21,6,Light_Rain,Diwali,9.0,17.49,Budget,2.59,43.34,1,12,2.59,2.413,-0.177,0.177,VeryHigh(2.5+)
IND_01192,Delhi,20,7,Hot,Regular,5.7,14.96,Regular,2.0,27.25,1,15,2.0,1.738,-0.262,0.262,High(1.8-2.5)
IND_00272,Hyderabad,15,3,Heavy_Rain,Regular,14.6,10.22,Budget,1.65,13.99,1,20,1.65,1.62,-0.03,0.03,Moderate(1.3-1.8)
IND_01474,Hyderabad,1,4,Heavy_Rain,Diwali,4.1,23.57,Regular,3.5,82.52,1,24,3.5,3.42,-0.08,0.08,VeryHigh(2.5+)
IND_00238,Hyderabad,11,5,Hot,Regular,15.5,14.46,Budget,1.0,14.83,1,11,1.0,1.21,0.21,0.21,Low(1.0-1.3)
IND_00586,Hyderabad,19,6,Clear,Regular,4.0,18.28,Premium,1.5,27.92,1,16,1.5,1.972,0.472,0.472,Moderate(1.3-1.8)
IND_01313,Bangalore,3,7,Humid,Regular,9.2,26.15,Budget,1.0,28.93,1,11,1.0,1.014,0.014,0.014,Low(1.0-1.3)
IND_00695,Kolkata,22,4,Clear,Regular,8.0,8.0,Budget,2.0,17.19,1,16,2.0,2.317,0.317,0.317,High(1.8-2.5)
IND_01002,Delhi,18,4,Clear,Regular,24.6,26.59,Regular,1.5,41.73,1,14,1.5,1.605,0.105,0.105,Moderate(1.3-1.8)
IND_00323,Mumbai,9,1,Heavy_Rain,Eid,3.7,20.1,Premium,3.24,63.49,0,22,3.24,3.185,-0.055,0.055,VeryHigh(2.5+)
IND_00783,Bangalore,2,5,Light_Rain,Regular,8.0,21.4,Budget,1.2,26.44,1,12,1.2,1.243,0.043,0.043,Low(1.0-1.3)
IND_01359,Mumbai,21,1,Clear,Diwali,23.2,41.08,Budget,2.7,107.96,1,14,2.7,2.508,-0.192,0.192,VeryHigh(2.5+)
IND_01204,Chennai,8,1,Hot,Holi,11.5,10.21,Budget,2.16,23.14,1,18,2.16,2.548,0.388,0.388,High(1.8-2.5)
IND_00971,Mumbai,9,2,Light_Rain,Regular,22.4,17.8,Budget,1.8,32.3,0,12,1.8,1.487,-0.313,0.313,Moderate(1.3-1.8)
IND_01467,Hyderabad,14,5,Light_Rain,Holi,8.4,8.05,Premium,2.16,20.73,1,17,2.16,2.295,0.135,0.135,High(1.8-2.5)
IND_00527,Bangalore,12,4,Heavy_Rain,Regular,12.4,27.93,Budget,1.5,38.64,1,13,1.5,1.514,0.014,0.014,Moderate(1.3-1.8)
IND_01426,Bangalore,19,3,Humid,Regular,5.7,25.97,Regular,1.2,27.23,1,14,1.2,1.628,0.428,0.428,Low(1.0-1.3)
IND_01171,Delhi,2,2,Dusty,Diwali,15.6,34.21,Budget,1.8,63.1,1,10,1.8,1.838,0.038,0.038,Moderate(1.3-1.8)
IND_00176,Pune,15,4,Light_Rain,Eid,9.2,22.65,Regular,2.16,50.58,1,11,2.16,2.214,0.054,0.054,High(1.8-2.5)
IND_00359,Bangalore,3,4,Humid,Regular,3.5,10.91,Budget,1.0,11.56,1,9,1.0,1.023,0.023,0.023,Low(1.0-1.3)
IND_00044,Kolkata,2,7,Light_Rain,Regular,20.6,9.21,Budget,1.2,10.45,1,10,1.2,1.237,0.037,0.037,Low(1.0-1.3)
IND_00417,Hyderabad,18,6,Heavy_Rain,Holi,13.7,14.75,Budget,3.5,54.73,0,24,3.5,3.305,-0.195,0.195,VeryHigh(2.5+)
IND_00345,Bangalore,19,7,Clear,Holi,20.5,16.11,Budget,3.5,55.44,1,20,3.5,3.118,-0.382,0.382,VeryHigh(2.5+)
IND_01027,Hyderabad,22,1,Clear,Regular,2.3,11.67,Budget,2.0,23.42,0,10,2.0,1.847,-0.153,0.153,High(1.8-2.5)
IND_01402,Bangalore,4,1,Humid,Holi,7.4,25.09,Premium,1.8,46.24,1,12,1.8,1.854,0.054,0.054,Moderate(1.3-1.8)
IND_00102,Chennai,23,7,Heavy_Rain,Regular,24.1,10.39,Budget,2.25,22.54,1,21,2.25,2.882,0.632,0.632,High(1.8-2.5)
IND_00108,Hyderabad,11,1,Dusty,Eid,24.5,14.1,Regular,1.98,28.27,1,17,1.98,2.382,0.402,0.402,High(1.8-2.5)
IND_01490,Kolkata,9,3,Clear,Regular,4.8,13.58,Regular,1.2,18.82,1,12,1.2,1.321,0.121,0.121,Low(1.0-1.3)
IND_01053,Kolkata,14,3,Hot,Regular,11.4,7.42,Budget,1.3,10.63,1,10,1.3,1.306,0.006,0.006,Low(1.0-1.3)
IND_00965,Pune,5,7,Dusty,Regular,3.8,22.16,Regular,1.1,24.2,1,11,1.1,1.018,-0.082,0.082,Low(1.0-1.3)
IND_00381,Kolkata,22,1,Clear,Holi,20.9,18.14,Budget,3.5,61.81,0,20,3.5,3.303,-0.197,0.197,VeryHigh(2.5+)
IND_00245,Bangalore,9,3,Humid,Regular,9.2,29.29,Budget,1.2,32.75,1,13,1.2,1.206,0.006,0.006,Low(1.0-1.3)
IND_01100,Mumbai,5,6,Humid,Regular,9.3,31.6,Budget,1.0,32.29,1,11,1.0,1.018,0.018,0.018,Low(1.0-1.3)
IND_00501,Pune,14,7,Humid,Regular,7.1,14.51,Regular,1.1,17.81,1,8,1.1,1.062,-0.038,0.038,Low(1.0-1.3)
IND_00701,Kolkata,5,5,Clear,Diwali,12.0,20.8,Regular,1.98,40.14,1,13,1.98,1.833,-0.147,0.147,High(1.8-2.5)
IND_00129,Mumbai,13,1,Hot,Diwali,15.2,32.2,Premium,2.57,82.95,1,15,2.57,2.031,-0.539,0.539,VeryHigh(2.5+)
IND_00240,Chennai,14,3,Heavy_Rain,Diwali,6.3,15.63,Budget,2.97,48.13,0,19,2.97,2.671,-0.299,0.299,VeryHigh(2.5+)
IND_01115,Chennai,15,6,Light_Rain,Regular,19.6,23.58,Budget,1.2,28.6,1,6,1.2,1.241,0.041,0.041,Low(1.0-1.3)
IND_00683,Pune,13,3,Clear,Regular,11.5,24.65,Budget,1.0,23.6,1,10,1.0,1.042,0.042,0.042,Low(1.0-1.3)
IND_00483,Chennai,8,5,Heavy_Rain,Regular,16.7,14.44,Budget,1.5,18.45,1,19,1.5,1.854,0.354,0.354,Moderate(1.3-1.8)
IND_01306,Hyderabad,2,1,Dusty,Regular,17.3,22.49,Premium,1.0,20.69,1,9,1.0,1.014,0.014,0.014,Low(1.0-1.3)
IND_00276,Delhi,0,2,Hot,Diwali,7.2,27.64,Budget,2.7,75.55,0,15,2.7,2.466,-0.234,0.234,VeryHigh(2.5+)
IND_00583,Delhi,8,6,Humid,Regular,17.5,17.56,Budget,1.5,27.61,1,11,1.5,1.222,-0.278,0.278,Moderate(1.3-1.8)
IND_00204,Chennai,22,1,Dusty,Eid,7.1,24.28,Budget,3.5,87.09,0,21,3.5,3.422,-0.078,0.078,VeryHigh(2.5+)
IND_00033,Bangalore,13,2,Clear,Eid,23.5,29.44,Budget,1.8,52.97,1,10,1.8,1.9,0.1,0.1,Moderate(1.3-1.8)
IND_01320,Delhi,10,1,Clear,Regular,23.8,20.91,Regular,1.2,24.72,1,10,1.2,1.179,-0.021,0.021,Low(1.0-1.3)
IND_00814,Delhi,11,1,Humid,Holi,17.5,17.75,Budget,1.8,32.34,1,13,1.8,1.842,0.042,0.042,Moderate(1.3-1.8)
IND_00998,Kolkata,10,2,Humid,Regular,24.4,9.89,Budget,1.5,16.12,1,7,1.5,1.193,-0.307,0.307,Moderate(1.3-1.8)
IND_00382,Hyderabad,3,7,Hot,Holi,20.0,20.19,Budget,1.8,35.14,1,9,1.8,1.812,0.012,0.012,Moderate(1.3-1.8)
IND_01074,Hyderabad,18,7,Hot,Regular,16.2,17.5,Budget,1.2,18.43,1,11,1.2,1.49,0.29,0.29,Low(1.0-1.3)
IND_01349,Mumbai,18,5,Clear,Diwali,22.9,43.12,Regular,3.5,148.19,1,22,3.5,3.15,-0.35,0.35,VeryHigh(2.5+)
IND_00579,Pune,12,2,Dusty,Regular,5.8,19.98,Regular,1.0,17.02,1,7,1.0,1.046,0.046,0.046,Low(1.0-1.3)
IND_00888,Bangalore,20,6,Hot,Holi,7.5,19.77,Budget,3.5,68.48,1,18,3.5,2.928,-0.572,0.572,VeryHigh(2.5+)
IND_01326,Ahmedabad,0,5,Clear,Regular,20.3,8.56,Premium,2.0,13.17,1,10,2.0,1.845,-0.155,0.155,High(1.8-2.5)
IND_01327,Bangalore,18,5,Light_Rain,Diwali,15.9,29.95,Budget,3.24,95.16,1,23,3.24,3.328,0.088,0.088,VeryHigh(2.5+)
IND_00942,Kolkata,4,4,Clear,Regular,6.3,19.94,Budget,1.0,21.68,1,13,1.0,1.03,0.03,0.03,Low(1.0-1.3)
IND_00164,Mumbai,19,2,Dusty,Regular,10.6,37.89,Premium,2.0,74.14,0,14,2.0,1.758,-0.242,0.242,High(1.8-2.5)
IND_00910,Delhi,12,1,Humid,Holi,19.2,28.43,Premium,1.8,55.5,1,14,1.8,1.96,0.16,0.16,Moderate(1.3-1.8)
IND_00298,Delhi,18,1,Humid,Holi,11.1,25.61,Regular,2.16,55.93,1,19,2.16,2.7,0.54,0.54,High(1.8-2.5)
IND_00756,Pune,14,6,Hot,Regular,20.9,11.74,Premium,1.3,20.53,1,10,1.3,1.282,-0.018,0.018,Low(1.0-1.3)
IND_00406,Chennai,21,3,Humid,Diwali,23.3,14.48,Budget,3.5,51.93,0,16,3.5,2.859,-0.641,0.641,VeryHigh(2.5+)
IND_00969,Chennai,0,3,Heavy_Rain,Regular,9.2,14.64,Regular,3.0,43.84,1,24,3.0,3.188,0.188,0.188,VeryHigh(2.5+)
IND_00606,Delhi,20,7,Heavy_Rain,Eid,14.8,16.41,Budget,3.5,61.19,1,27,3.5,3.383,-0.117,0.117,VeryHigh(2.5+)
IND_00421,Bangalore,12,6,Hot,Eid,22.7,11.56,Regular,2.34,31.17,1,18,2.34,2.586,0.246,0.246,High(1.8-2.5)
IND_00465,Ahmedabad,14,7,Humid,Eid,5.1,19.33,Regular,1.8,34.57,1,12,1.8,1.94,0.14,0.14,Moderate(1.3-1.8)
IND_01188,Pune,19,4,Humid,Diwali,17.4,27.43,Budget,2.16,58.8,0,17,2.16,2.625,0.465,0.465,High(1.8-2.5)
IND_00940,Delhi,23,6,Dusty,Regular,7.9,26.4,Premium,2.5,64.87,1,18,2.5,2.466,-0.034,0.034,High(1.8-2.5)
IND_00193,Kolkata,4,3,Clear,Eid,3.8,20.86,Premium,1.8,37.98,1,10,1.8,1.813,0.013,0.013,Moderate(1.3-1.8)
IND_00675,Pune,8,1,Dusty,Regular,24.7,16.18,Regular,1.2,16.6,1,9,1.2,1.266,0.066,0.066,Low(1.0-1.3)
IND_00352,Bangalore,21,3,Dusty,Diwali,7.1,27.43,Budget,2.7,77.01,1,14,2.7,2.51,-0.19,0.19,VeryHigh(2.5+)
IND_00859,Pune,18,3,Dusty,Regular,23.3,25.52,Regular,1.2,29.52,1,14,1.2,1.631,0.431,0.431,Low(1.0-1.3)
IND_00064,Hyderabad,23,4,Hot,Regular,17.9,18.98,Regular,2.0,35.57,1,9,2.0,1.845,-0.155,0.155,High(1.8-2.5)
IND_01174,Hyderabad,5,3,Heavy_Rain,Regular,4.1,14.04,Budget,1.5,20.93,1,17,1.5,1.506,0.006,0.006,Moderate(1.3-1.8)
IND_00766,Pune,18,1,Hot,Regular,9.8,12.43,Premium,1.2,13.51,1,10,1.2,1.402,0.202,0.202,Low(1.0-1.3)
IND_01441,Bangalore,7,3,Dusty,Regular,7.3,18.89,Regular,1.0,20.22,1,6,1.0,1.021,0.021,0.021,Low(1.0-1.3)
IND_00262,Ahmedabad,13,6,Hot,Regular,15.0,17.35,Budget,1.3,22.44,1,8,1.3,1.313,0.013,0.013,Low(1.0-1.3)
IND_00343,Bangalore,8,6,Dusty,Diwali,10.9,13.26,Budget,2.7,36.29,1,16,2.7,2.19,-0.51,0.51,VeryHigh(2.5+)
IND_01221,Chennai,22,5,Clear,Regular,16.9,17.08,Regular,1.5,23.24,1,14,1.5,2.002,0.502,0.502,Moderate(1.3-1.8)
IND_00472,Delhi,9,3,Light_Rain,Regular,2.2,14.07,Budget,1.2,12.28,1,11,1.2,1.478,0.278,0.278,Low(1.0-1.3)
IND_01335,Delhi,22,2,Hot,Holi,16.1,13.04,Regular,3.5,45.94,0,21,3.5,3.365,-0.135,0.135,VeryHigh(2.5+)
IND_00199,Delhi,10,3,Hot,Regular,13.4,33.59,Regular,1.5,50.5,1,9,1.5,1.22,-0.28,0.28,Moderate(1.3-1.8)
IND_01232,Hyderabad,23,2,Heavy_Rain,Regular,16.4,24.18,Budget,3.5,81.89,0,24,3.5,3.169,-0.331,0.331,VeryHigh(2.5+)
IND_00918,Hyderabad,3,2,Heavy_Rain,Diwali,11.7,13.63,Budget,2.7,37.17,0,18,2.7,2.647,-0.053,0.053,VeryHigh(2.5+)
IND_00744,Delhi,8,3,Dusty,Regular,16.5,17.65,Budget,1.5,26.53,1,11,1.5,1.298,-0.202,0.202,Moderate(1.3-1.8)
IND_00571,Hyderabad,22,5,Heavy_Rain,Regular,15.3,8.57,Premium,2.25,19.32,1,21,2.25,2.874,0.624,0.624,High(1.8-2.5)
IND_00219,Bangalore,14,1,Humid,Regular,14.8,12.68,Premium,1.0,11.71,1,8,1.0,1.069,0.069,0.069,Low(1.0-1.3)
IND_00454,Hyderabad,3,6,Heavy_Rain,Regular,11.9,14.48,Budget,1.5,22.73,1,18,1.5,1.674,0.174,0.174,Moderate(1.3-1.8)
IND_00031,Chennai,16,4,Heavy_Rain,Regular,16.6,22.1,Budget,1.5,31.95,0,18,1.5,1.574,0.074,0.074,Moderate(1.3-1.8)
IND_00057,Kolkata,5,5,Humid,Regular,19.9,9.46,Regular,1.0,7.78,1,5,1.0,1.02,0.02,0.02,Low(1.0-1.3)
IND_01211,Chennai,5,7,Light_Rain,Regular,18.9,14.82,Regular,1.32,17.07,1,8,1.32,1.284,-0.036,0.036,Moderate(1.3-1.8)
IND_01386,Ahmedabad,4,3,Heavy_Rain,Holi,11.0,10.95,Budget,2.7,30.16,0,21,2.7,2.717,0.017,0.017,VeryHigh(2.5+)
IND_01066,Chennai,21,3,Hot,Diwali,16.8,14.4,Premium,2.7,36.64,1,13,2.7,2.433,-0.267,0.267,VeryHigh(2.5+)
IND_00431,Pune,11,5,Dusty,Regular,15.3,17.08,Regular,1.0,14.71,1,7,1.0,1.036,0.036,0.036,Low(1.0-1.3)
IND_00725,Ahmedabad,5,7,Light_Rain,Regular,3.9,18.4,Budget,1.2,22.42,1,12,1.2,1.266,0.066,0.066,Low(1.0-1.3)
IND_01145,Hyderabad,1,7,Hot,Eid,19.0,22.18,Budget,2.7,59.54,0,16,2.7,3.322,0.622,0.622,VeryHigh(2.5+)
IND_01006,Ahmedabad,20,1,Light_Rain,Regular,22.5,15.24,Budget,1.8,28.22,1,12,1.8,1.625,-0.175,0.175,Moderate(1.3-1.8)
IND_01051,Bangalore,21,7,Light_Rain,Eid,14.7,16.02,Budget,2.59,40.24,0,19,2.59,3.074,0.484,0.484,VeryHigh(2.5+)
IND_01346,Ahmedabad,0,7,Hot,Diwali,15.8,10.74,Regular,2.7,26.03,0,20,2.7,3.363,0.663,0.663,VeryHigh(2.5+)
IND_01237,Ahmedabad,9,5,Clear,Regular,22.8,16.36,Budget,1.2,22.99,1,9,1.2,1.183,-0.017,0.017,Low(1.0-1.3)
IND_01236,Mumbai,10,7,Dusty,Diwali,4.7,17.5,Budget,1.8,34.78,0,13,1.8,2.062,0.262,0.262,Moderate(1.3-1.8)
IND_01449,Pune,20,3,Light_Rain,Regular,3.4,17.21,Budget,1.8,33.45,1,10,1.8,1.489,-0.311,0.311,Moderate(1.3-1.8)
IND_00621,Kolkata,16,1,Heavy_Rain,Regular,18.1,16.19,Regular,1.5,22.7,1,13,1.5,1.53,0.03,0.03,Moderate(1.3-1.8)
IND_01068,Bangalore,7,1,Dusty,Diwali,17.6,16.47,Budget,1.8,31.97,1,15,1.8,1.838,0.038,0.038,Moderate(1.3-1.8)
IND_00839,Hyderabad,3,3,Heavy_Rain,Holi,17.0,8.2,Budget,2.7,24.11,1,17,2.7,2.491,-0.209,0.209,VeryHigh(2.5+)
IND_00100,Mumbai,9,7,Hot,Diwali,18.8,17.7,Regular,2.16,37.76,1,15,2.16,2.099,-0.061,0.061,High(1.8-2.5)
IND_00533,Hyderabad,1,2,Light_Rain,Diwali,2.8,22.52,Regular,3.5,78.69,1,20,3.5,3.259,-0.241,0.241,VeryHigh(2.5+)
IND_00529,Pune,23,7,Humid,Regular,10.7,16.23,Premium,1.5,24.86,1,12,1.5,1.829,0.329,0.329,Moderate(1.3-1.8)
IND_01347,Mumbai,3,6,Clear,Regular,2.4,36.61,Regular,1.0,31.5,1,6,1.0,1.014,0.014,0.014,Low(1.0-1.3)
IND_01173,Chennai,1,4,Dusty,Eid,5.2,13.36,Budget,2.7,36.28,1,14,2.7,2.07,-0.63,0.63,VeryHigh(2.5+)
IND_01179,Pune,15,3,Heavy_Rain,Regular,6.3,15.8,Premium,1.5,21.72,1,13,1.5,1.514,0.014,0.014,Moderate(1.3-1.8)
IND_00630,Kolkata,15,5,Dusty,Regular,14.6,13.87,Regular,1.0,16.06,1,7,1.0,1.026,0.026,0.026,Low(1.0-1.3)
IND_01028,Hyderabad,18,7,Humid,Regular,19.5,13.3,Premium,1.5,20.19,1,16,1.5,2.002,0.502,0.502,Moderate(1.3-1.8)
IND_00271,Delhi,23,4,Dusty,Regular,21.6,30.3,Regular,2.0,63.48,0,12,2.0,1.894,-0.106,0.106,High(1.8-2.5)
IND_01342,Delhi,17,7,Hot,Holi,24.9,22.79,Budget,1.8,41.03,0,9,1.8,1.902,0.102,0.102,Moderate(1.3-1.8)
IND_00627,Delhi,2,4,Light_Rain,Eid,3.8,15.79,Premium,2.16,32.13,1,14,2.16,2.291,0.131,0.131,High(1.8-2.5)
IND_01043,Hyderabad,12,6,Clear,Eid,17.6,23.29,Premium,1.98,48.27,1,16,1.98,2.016,0.036,0.036,High(1.8-2.5)
IND_00977,Kolkata,9,4,Hot,Regular,17.7,13.61,Regular,1.5,19.51,1,17,1.5,1.568,0.068,0.068,Moderate(1.3-1.8)
IND_00372,Ahmedabad,5,5,Hot,Regular,2.7,15.9,Budget,1.0,16.9,1,9,1.0,1.028,0.028,0.028,Low(1.0-1.3)
IND_00589,Chennai,8,2,Hot,Diwali,23.4,18.38,Budget,1.8,34.74,1,11,1.8,1.969,0.169,0.169,Moderate(1.3-1.8)
IND_00968,Mumbai,7,3,Clear,Regular,15.0,38.71,Regular,1.0,42.31,1,6,1.0,1.014,0.014,0.014,Low(1.0-1.3)
IND_01166,Bangalore,4,1,Hot,Regular,3.3,22.75,Regular,1.0,27.63,1,12,1.0,1.021,0.021,0.021,Low(1.0-1.3)
IND_01147,Ahmedabad,22,4,Humid,Regular,24.8,8.06,Premium,1.5,9.9,1,8,1.5,1.893,0.393,0.393,Moderate(1.3-1.8)
IND_00237,Kolkata,19,7,Humid,Regular,19.8,7.44,Budget,1.5,7.11,1,13,1.5,1.54,0.04,0.04,Moderate(1.3-1.8)
IND_00597,Chennai,15,5,Hot,Diwali,3.3,21.39,Budget,2.34,49.51,1,12,2.34,1.974,-0.366,0.366,High(1.8-2.5)
IND_00963,Mumbai,12,7,Hot,Regular,12.4,36.34,Premium,1.3,47.64,1,10,1.3,1.219,-0.081,0.081,Low(1.0-1.3)
IND_01446,Mumbai,16,7,Clear,Diwali,8.1,30.92,Regular,1.8,54.35,1,9,1.8,1.876,0.076,0.076,Moderate(1.3-1.8)
IND_01164,Chennai,8,6,Clear,Regular,21.9,23.77,Regular,1.5,32.36,1,13,1.5,1.134,-0.366,0.366,Moderate(1.3-1.8)
IND_00591,Ahmedabad,0,4,Light_Rain,Regular,23.5,15.64,Regular,2.4,37.68,0,13,2.4,1.886,-0.514,0.514,High(1.8-2.5)
IND_00209,Hyderabad,18,1,Clear,Regular,3.5,24.9,Budget,1.2,30.91,1,12,1.2,1.601,0.401,0.401,Low(1.0-1.3)
IND_01075,Pune,2,5,Clear,Holi,8.9,11.24,Regular,1.8,22.22,0,13,1.8,1.891,0.091,0.091,Moderate(1.3-1.8)
IND_00900,Chennai,20,6,Dusty,Holi,15.0,19.01,Regular,3.5,64.9,1,20,3.5,3.097,-0.403,0.403,VeryHigh(2.5+)
IND_00354,Hyderabad,16,1,Dusty,Regular,11.5,22.8,Regular,1.0,22.48,1,7,1.0,1.021,0.021,0.021,Low(1.0-1.3)
IND_00059,Chennai,21,5,Clear,Regular,20.0,13.9,Premium,1.5,21.51,1,8,1.5,1.366,-0.134,0.134,Moderate(1.3-1.8)
IND_00304,Hyderabad,4,2,Hot,Eid,23.6,9.43,Regular,1.8,18.19,1,9,1.8,1.853,0.053,0.053,Moderate(1.3-1.8)
IND_01448,Delhi,4,6,Light_Rain,Regular,21.8,13.56,Regular,1.2,17.44,1,8,1.2,1.283,0.083,0.083,Low(1.0-1.3)
IND_00844,Kolkata,15,3,Light_Rain,Holi,16.8,10.57,Budget,2.38,25.92,1,13,2.38,2.211,-0.169,0.169,High(1.8-2.5)
IND_01262,Kolkata,0,2,Hot,Diwali,10.6,13.66,Regular,3.5,47.96,1,17,3.5,3.212,-0.288,0.288,VeryHigh(2.5+)
IND_01431,Hyderabad,17,6,Clear,Regular,2.4,13.03,Budget,1.0,13.64,1,11,1.0,1.03,0.03,0.03,Low(1.0-1.3)
IND_01210,Hyderabad,12,5,Light_Rain,Regular,21.5,9.65,Regular,1.2,15.08,1,7,1.2,1.244,0.044,0.044,Low(1.0-1.3)
IND_00368,Chennai,14,1,Clear,Regular,2.9,12.94,Budget,1.0,12.97,1,6,1.0,1.032,0.032,0.032,Low(1.0-1.3)
IND_01358,Hyderabad,4,4,Heavy_Rain,Regular,19.0,20.96,Budget,1.65,35.37,1,20,1.65,1.628,-0.022,0.022,Moderate(1.3-1.8)
IND_01198,Kolkata,9,6,Clear,Regular,18.8,14.97,Budget,1.2,19.07,1,8,1.2,1.202,0.002,0.002,Low(1.0-1.3)
IND_01305,Delhi,6,5,Heavy_Rain,Regular,14.9,29.41,Regular,1.5,45.19,1,18,1.5,1.527,0.027,0.027,Moderate(1.3-1.8)
IND_01233,Delhi,1,4,Humid,Regular,7.9,29.01,Budget,2.5,72.35,1,18,2.5,2.365,-0.135,0.135,High(1.8-2.5)
IND_00705,Hyderabad,22,4,Dusty,Regular,7.9,9.62,Regular,1.5,11.32,0,14,1.5,2.355,0.855,0.855,Moderate(1.3-1.8)
IND_00234,Mumbai,2,6,Heavy_Rain,Regular,2.8,42.86,Regular,1.5,62.99,0,14,1.5,1.52,0.02,0.02,Moderate(1.3-1.8)
IND_00619,Mumbai,15,6,Heavy_Rain,Holi,21.7,37.42,Regular,2.7,102.0,1,21,2.7,2.802,0.102,0.102,VeryHigh(2.5+)
IND_00197,Delhi,20,5,Light_Rain,Regular,21.6,12.86,Regular,1.44,16.75,1,15,1.44,1.823,0.383,0.383,Moderate(1.3-1.8)
IND_01260,Bangalore,6,7,Light_Rain,Holi,4.3,20.67,Budget,2.16,44.54,1,14,2.16,2.26,0.1,0.1,High(1.8-2.5)
IND_00082,Hyderabad,8,5,Light_Rain,Eid,18.1,10.06,Budget,3.24,33.31,1,18,3.24,2.882,-0.358,0.358,VeryHigh(2.5+)
IND_01405,Hyderabad,15,1,Clear,Holi,23.8,24.23,Regular,1.8,45.61,1,11,1.8,1.881,0.081,0.081,Moderate(1.3-1.8)
IND_00598,Ahmedabad,21,7,Humid,Holi,7.4,7.94,Regular,3.5,25.83,0,20,3.5,3.102,-0.398,0.398,VeryHigh(2.5+)
IND_01157,Ahmedabad,6,2,Clear,Regular,7.0,19.08,Budget,1.0,17.7,1,9,1.0,1.035,0.035,0.035,Low(1.0-1.3)
IND_00112,Hyderabad,18,3,Clear,Holi,4.9,15.16,Budget,2.16,32.69,1,15,2.16,2.457,0.297,0.297,High(1.8-2.5)
IND_01277,Pune,11,6,Light_Rain,Regular,21.6,23.21,Regular,1.32,35.28,1,13,1.32,1.251,-0.069,0.069,Moderate(1.3-1.8)
IND_00781,Chennai,22,2,Light_Rain,Regular,2.8,16.38,Premium,3.0,49.5,1,15,3.0,2.172,-0.828,0.828,VeryHigh(2.5+)
IND_00984,Chennai,8,6,Light_Rain,Diwali,8.3,9.39,Budget,3.24,30.33,0,19,3.24,2.948,-0.292,0.292,VeryHigh(2.5+)
IND_00800,Hyderabad,22,2,Hot,Regular,13.1,21.06,Budget,2.0,42.18,1,12,2.0,1.769,-0.231,0.231,High(1.8-2.5)
IND_01266,Delhi,11,3,Heavy_Rain,Regular,23.8,27.0,Budget,1.5,37.67,1,13,1.5,1.552,0.052,0.052,Moderate(1.3-1.8)
IND_01151,Hyderabad,19,6,Heavy_Rain,Regular,12.9,11.58,Regular,2.25,24.07,1,23,2.25,2.609,0.359,0.359,High(1.8-2.5)
IND_00825,Chennai,18,2,Humid,Regular,8.3,8.13,Regular,1.2,8.86,1,14,1.2,1.735,0.535,0.535,Low(1.0-1.3)
